Title,Review,Rating,Verified,Date,Image_URL,Review_Length,Review_Length_Category,Sentiment,Helpful_Votes,Product,,,,
Excellent design,Amazing features for this price,3,No,29-Sep-25,https://dummyimage.com/150x150/000/fff&text=Img1,31,Short,Neutral,54,Echo Dot (4th Gen),,,,
Value for money,The product stopped working in a week,3.8,No,3-Sep-25,https://dummyimage.com/150x150/000/fff&text=Img2,37,Short,Neutral,71,Echo Dot (4th Gen),,,,
Very satisfied,Battery drains quickly,2.3,No,20-May-25,https://dummyimage.com/150x150/000/fff&text=Img3,22,Short,Negative,96,Echo Dot (4th Gen),,,,
Value for money,Best speaker in this price range,5,Yes,5-Aug-25,https://dummyimage.com/150x150/000/fff&text=Img4,32,Short,Positive,22,Echo Dot (4th Gen),,,,
Great product!,Best speaker in this price range,4.6,No,8-Apr-25,https://dummyimage.com/150x150/000/fff&text=Img5,32,Short,Positive,49,Echo Dot (4th Gen),,,,
Value for money,Looks amazing and works perfectly,4.8,No,16-Sep-25,https://dummyimage.com/150x150/000/fff&text=Img6,33,Short,Positive,57,Echo Dot (4th Gen),,,,
Value for money,Best speaker in this price range,1.8,Yes,19-Sep-25,https://dummyimage.com/150x150/000/fff&text=Img7,32,Short,Negative,6,Echo Dot (4th Gen),,,,
Poor battery,Battery drains quickly,1.2,No,12-Jul-25,https://dummyimage.com/150x150/000/fff&text=Img8,22,Short,Negative,21,Echo Dot (4th Gen),,,,
Not as expected,Good device for daily use,2.8,No,21-Jul-25,https://dummyimage.com/150x150/000/fff&text=Img9,25,Short,Neutral,45,Echo Dot (4th Gen),,,,
Not as expected,The product stopped working in a week,2.5,Yes,12-Feb-25,https://dummyimage.com/150x150/000/fff&text=Img10,37,Short,Neutral,68,Echo Dot (4th Gen),,,,
Very satisfied,Amazing features for this price,4.2,No,8-Jul-25,https://dummyimage.com/150x150/000/fff&text=Img11,31,Short,Positive,79,Echo Dot (4th Gen),,,,
Very satisfied,Best speaker in this price range,4.4,No,14-May-25,https://dummyimage.com/150x150/000/fff&text=Img12,32,Short,Positive,4,Echo Dot (4th Gen),,,,
Packaging could be better,The product stopped working in a week,2.3,Yes,21-Nov-25,https://dummyimage.com/150x150/000/fff&text=Img13,37,Short,Negative,53,Echo Dot (4th Gen),,,,
Poor battery,Good device for daily use,2.7,Yes,3-Apr-25,https://dummyimage.com/150x150/000/fff&text=Img14,25,Short,Neutral,55,Echo Dot (4th Gen),,,,
Great product!,Battery drains quickly,2.3,No,29-Jan-25,https://dummyimage.com/150x150/000/fff&text=Img15,22,Short,Negative,8,Echo Dot (4th Gen),,,,
Poor battery,"I love the sound quality, highly recommend",2.1,Yes,12-Feb-25,https://dummyimage.com/150x150/000/fff&text=Img16,42,Short,Negative,70,Echo Dot (4th Gen),,,,
Value for money,"I love the sound quality, highly recommend",4.8,Yes,23-May-25,https://dummyimage.com/150x150/000/fff&text=Img17,42,Short,Positive,75,Echo Dot (4th Gen),,,,
Sound quality amazing,Good device for daily use,1.8,No,27-Sep-25,https://dummyimage.com/150x150/000/fff&text=Img18,25,Short,Negative,14,Echo Dot (4th Gen),,,,
Excellent design,Battery drains quickly,2,No,19-Jul-25,https://dummyimage.com/150x150/000/fff&text=Img19,22,Short,Negative,78,Echo Dot (4th Gen),,,,
Not as expected,Looks amazing and works perfectly,4.2,No,23-Jul-25,https://dummyimage.com/150x150/000/fff&text=Img20,33,Short,Positive,61,Echo Dot (4th Gen),,,,
Not as expected,Box was slightly damaged,3.1,Yes,15-Nov-25,https://dummyimage.com/150x150/000/fff&text=Img21,24,Short,Neutral,62,Echo Dot (4th Gen),,,,
Sound quality amazing,The product stopped working in a week,1.3,No,6-Nov-25,https://dummyimage.com/150x150/000/fff&text=Img22,37,Short,Negative,27,Echo Dot (4th Gen),,,,
Great product!,Battery drains quickly,1.8,No,9-Sep-25,https://dummyimage.com/150x150/000/fff&text=Img23,22,Short,Negative,37,Echo Dot (4th Gen),,,,
Value for money,Looks amazing and works perfectly,3.5,Yes,16-May-25,https://dummyimage.com/150x150/000/fff&text=Img24,33,Short,Neutral,3,Echo Dot (4th Gen),,,,
Great product!,Battery drains quickly,3.1,Yes,14-May-25,https://dummyimage.com/150x150/000/fff&text=Img25,22,Short,Neutral,74,Echo Dot (4th Gen),,,,
Excellent design,Box was slightly damaged,1.8,No,17-Dec-25,https://dummyimage.com/150x150/000/fff&text=Img26,24,Short,Negative,86,Echo Dot (4th Gen),,,,
Packaging could be better,Looks amazing and works perfectly,4.5,Yes,7-Jan-26,https://dummyimage.com/150x150/000/fff&text=Img27,33,Short,Positive,9,Echo Dot (4th Gen),,,,
Not as expected,Looks amazing and works perfectly,4.9,Yes,27-Nov-25,https://dummyimage.com/150x150/000/fff&text=Img28,33,Short,Positive,36,Echo Dot (4th Gen),,,,
Value for money,Amazing features for this price,3,No,30-Jan-25,https://dummyimage.com/150x150/000/fff&text=Img29,31,Short,Neutral,22,Echo Dot (4th Gen),,,,
Very satisfied,Looks amazing and works perfectly,3.8,No,1-Sep-25,https://dummyimage.com/150x150/000/fff&text=Img30,33,Short,Neutral,87,Echo Dot (4th Gen),,,,
Value for money,Good device for daily use,1.8,No,9-Aug-25,https://dummyimage.com/150x150/000/fff&text=Img31,25,Short,Negative,30,Echo Dot (4th Gen),,,,
Very satisfied,Amazing features for this price,2.8,Yes,28-Jan-25,https://dummyimage.com/150x150/000/fff&text=Img32,31,Short,Neutral,12,Echo Dot (4th Gen),,,,
Not as expected,The product stopped working in a week,1.5,No,2-May-25,https://dummyimage.com/150x150/000/fff&text=Img33,37,Short,Negative,49,Echo Dot (4th Gen),,,,
Value for money,Box was slightly damaged,1.6,Yes,8-Mar-25,https://dummyimage.com/150x150/000/fff&text=Img34,24,Short,Negative,68,Echo Dot (4th Gen),,,,
Packaging could be better,Best speaker in this price range,4,No,11-Dec-25,https://dummyimage.com/150x150/000/fff&text=Img35,32,Short,Positive,0,Echo Dot (4th Gen),,,,
Very satisfied,Good device for daily use,4.5,No,13-May-25,https://dummyimage.com/150x150/000/fff&text=Img36,25,Short,Positive,38,Echo Dot (4th Gen),,,,
Sound quality amazing,Best speaker in this price range,3.1,Yes,7-Sep-25,https://dummyimage.com/150x150/000/fff&text=Img37,32,Short,Neutral,83,Echo Dot (4th Gen),,,,
Not as expected,Box was slightly damaged,3.5,Yes,8-Jan-26,https://dummyimage.com/150x150/000/fff&text=Img38,24,Short,Neutral,26,Echo Dot (4th Gen),,,,
Sound quality amazing,Good device for daily use,1.7,Yes,7-Feb-25,https://dummyimage.com/150x150/000/fff&text=Img39,25,Short,Negative,79,Echo Dot (4th Gen),,,,
Packaging could be better,Looks amazing and works perfectly,3.3,No,18-Oct-25,https://dummyimage.com/150x150/000/fff&text=Img40,33,Short,Neutral,16,Echo Dot (4th Gen),,,,
Value for money,Good device for daily use,1.6,No,25-Feb-25,https://dummyimage.com/150x150/000/fff&text=Img41,25,Short,Negative,72,Echo Dot (4th Gen),,,,
Very satisfied,The product stopped working in a week,4.2,No,25-Oct-25,https://dummyimage.com/150x150/000/fff&text=Img42,37,Short,Positive,95,Echo Dot (4th Gen),,,,
Sound quality amazing,Good device for daily use,1.1,No,21-Oct-25,https://dummyimage.com/150x150/000/fff&text=Img43,25,Short,Negative,9,Echo Dot (4th Gen),,,,
Sound quality amazing,Box was slightly damaged,1.9,Yes,20-Aug-25,https://dummyimage.com/150x150/000/fff&text=Img44,24,Short,Negative,72,Echo Dot (4th Gen),,,,
Not as expected,Looks amazing and works perfectly,3.2,No,12-Aug-25,https://dummyimage.com/150x150/000/fff&text=Img45,33,Short,Neutral,43,Echo Dot (4th Gen),,,,
Not as expected,Box was slightly damaged,2.2,No,29-Jul-25,https://dummyimage.com/150x150/000/fff&text=Img46,24,Short,Negative,85,Echo Dot (4th Gen),,,,
Very satisfied,Looks amazing and works perfectly,4.5,Yes,2-Aug-25,https://dummyimage.com/150x150/000/fff&text=Img47,33,Short,Positive,51,Echo Dot (4th Gen),,,,
Value for money,Good device for daily use,1.7,No,6-Jun-25,https://dummyimage.com/150x150/000/fff&text=Img48,25,Short,Negative,4,Echo Dot (4th Gen),,,,
Sound quality amazing,Box was slightly damaged,4.1,Yes,18-Jun-25,https://dummyimage.com/150x150/000/fff&text=Img49,24,Short,Positive,73,Echo Dot (4th Gen),,,,
Packaging could be better,Best speaker in this price range,1.2,No,12-Apr-25,https://dummyimage.com/150x150/000/fff&text=Img50,32,Short,Negative,28,Echo Dot (4th Gen),,,,
